{
  "yearLength": 240000,
  "seasons": {
    "AUTUMN": {
      "phases": {
        "START": {
          "cropGrowthChanceMultiplier": 0.8,
          "weatherEventController": {},
          "client": {
            "targetSkyHexColor": "ff9b673c",
            "skyColorBlendStrength": 0.0,
            "targetFogHexColor": "ff9b673c",
            "fogColorBlendStrength": 0.0,
            "targetFoliageHexColor": "ff9b673c",
            "foliageColorBlendStrength": 0.5,
            "targetGrassHexColor": "ff9b673c",
            "grassColorBlendStrength": 0.5
          },
          "tempModifier": -0.1,
          "weatherEventChanceMultiplier": 0.7
        },
        "MID": {
          "cropGrowthChanceMultiplier": 0.75,
          "weatherEventController": {},
          "client": {
            "targetSkyHexColor": "ff9b673c",
            "skyColorBlendStrength": 0.0,
            "targetFogHexColor": "ff9b673c",
            "fogColorBlendStrength": 0.0,
            "targetFoliageHexColor": "ff9b673c",
            "foliageColorBlendStrength": 0.5,
            "targetGrassHexColor": "ff9b673c",
            "grassColorBlendStrength": 0.5
          },
          "tempModifier": -0.2,
          "weatherEventChanceMultiplier": 0.7
        },
        "END": {
          "cropGrowthChanceMultiplier": 0.65,
          "weatherEventController": {},
          "client": {
            "targetSkyHexColor": "ff9b673c",
            "skyColorBlendStrength": 0.0,
            "targetFogHexColor": "ff9b673c",
            "fogColorBlendStrength": 0.0,
            "targetFoliageHexColor": "ff9b673c",
            "foliageColorBlendStrength": 0.5,
            "targetGrassHexColor": "ff9b673c",
            "grassColorBlendStrength": 0.5
          },
          "tempModifier": -0.3,
          "humidityModifier": 0.1,
          "weatherEventChanceMultiplier": 0.75
        }
      }
    },
    "SPRING": {
      "phases": {
        "START": {
          "cropGrowthChanceMultiplier": 1.3,
          "weatherEventController": {},
          "client": {
            "targetSkyHexColor": "ff336132",
            "skyColorBlendStrength": 0.0,
            "targetFogHexColor": "ff336132",
            "fogColorBlendStrength": 0.0,
            "targetFoliageHexColor": "ff336132",
            "foliageColorBlendStrength": 0.5,
            "targetGrassHexColor": "ff336132",
            "grassColorBlendStrength": 0.5
          },
          "tempModifier": -0.15,
          "humidityModifier": 0.5,
          "weatherEventChanceMultiplier": 1.5
        },
        "MID": {
          "cropGrowthChanceMultiplier": 2.0,
          "weatherEventController": {},
          "client": {
            "targetSkyHexColor": "ff295702",
            "skyColorBlendStrength": 0.0,
            "targetFogHexColor": "ff295702",
            "fogColorBlendStrength": 0.0,
            "targetFoliageHexColor": "ff295702",
            "foliageColorBlendStrength": 0.5,
            "targetGrassHexColor": "ff295702",
            "grassColorBlendStrength": 0.5
          },
          "tempModifier": 0.1,
          "humidityModifier": 0.5,
          "weatherEventChanceMultiplier": 2.0
        },
        "END": {
          "cropGrowthChanceMultiplier": 1.7,
          "weatherEventController": {},
          "client": {
            "targetSkyHexColor": "ff145702",
            "skyColorBlendStrength": 0.0,
            "targetFogHexColor": "ff145702",
            "fogColorBlendStrength": 0.0,
            "targetFoliageHexColor": "ff145702",
            "foliageColorBlendStrength": 0.5,
            "targetGrassHexColor": "ff145702",
            "grassColorBlendStrength": 0.5
          },
          "tempModifier": 0.25,
          "humidityModifier": 0.4,
          "weatherEventChanceMultiplier": 1.5
        }
      }
    },
    "WINTER": {
      "phases": {
        "START": {
          "cropGrowthChanceMultiplier": 0.6,
          "weatherEventController": {},
          "client": {
            "targetSkyHexColor": "ffa52a2a",
            "skyColorBlendStrength": 0.0,
            "targetFogHexColor": "ffa52a2a",
            "fogColorBlendStrength": 0.0,
            "targetFoliageHexColor": "ffa52a2a",
            "foliageColorBlendStrength": 0.5,
            "targetGrassHexColor": "ffa52a2a",
            "grassColorBlendStrength": 0.5
          },
          "tempModifier": -0.4,
          "humidityModifier": 0.2,
          "weatherEventChanceMultiplier": 1.0
        },
        "MID": {
          "cropGrowthChanceMultiplier": 0.5,
          "weatherEventController": {},
          "client": {
            "targetSkyHexColor": "ffa52a2a",
            "skyColorBlendStrength": 0.0,
            "targetFogHexColor": "ffa52a2a",
            "fogColorBlendStrength": 0.0,
            "targetFoliageHexColor": "ffa52a2a",
            "foliageColorBlendStrength": 0.5,
            "targetGrassHexColor": "ffa52a2a",
            "grassColorBlendStrength": 0.5
          },
          "tempModifier": -0.5,
          "humidityModifier": 0.2,
          "weatherEventChanceMultiplier": 1.0
        },
        "END": {
          "cropGrowthChanceMultiplier": 0.75,
          "weatherEventController": {},
          "client": {
            "targetSkyHexColor": "ffa52a2a",
            "skyColorBlendStrength": 0.0,
            "targetFogHexColor": "ffa52a2a",
            "fogColorBlendStrength": 0.0,
            "targetFoliageHexColor": "ffa52a2a",
            "foliageColorBlendStrength": 0.5,
            "targetGrassHexColor": "ffa52a2a",
            "grassColorBlendStrength": 0.5
          },
          "tempModifier": -0.35,
          "humidityModifier": 0.2,
          "weatherEventChanceMultiplier": 1.25
        }
      }
    },
    "SUMMER": {
      "phases": {
        "START": {
          "cropGrowthChanceMultiplier": 1.15,
          "weatherEventController": {},
          "client": {
            "targetSkyHexColor": "",
            "skyColorBlendStrength": 0.0,
            "targetFogHexColor": "",
            "fogColorBlendStrength": 0.0,
            "foliageColorBlendStrength": 0.0,
            "targetGrassHexColor": "",
            "grassColorBlendStrength": 0.0
          },
          "tempModifier": 0.35,
          "humidityModifier": -0.1,
          "weatherEventChanceMultiplier": 0.75
        },
        "MID": {
          "cropGrowthChanceMultiplier": 1.0,
          "weatherEventController": {},
          "client": {
            "targetSkyHexColor": "",
            "skyColorBlendStrength": 0.0,
            "targetFogHexColor": "",
            "fogColorBlendStrength": 0.0,
            "foliageColorBlendStrength": 0.0,
            "targetGrassHexColor": "",
            "grassColorBlendStrength": 0.0
          },
          "tempModifier": 0.5,
          "humidityModifier": -0.3,
          "weatherEventChanceMultiplier": 0.2
        },
        "END": {
          "cropGrowthChanceMultiplier": 1.0,
          "weatherEventController": {},
          "client": {
            "targetSkyHexColor": "",
            "skyColorBlendStrength": 0.0,
            "targetFogHexColor": "",
            "fogColorBlendStrength": 0.0,
            "foliageColorBlendStrength": 0.0,
            "targetGrassHexColor": "",
            "grassColorBlendStrength": 0.0
          },
          "tempModifier": 0.15,
          "humidityModifier": -0.1,
          "weatherEventChanceMultiplier": 0.5
        }
      }
    }
  }
}